timestamp_utc,open_interest,volume,trade_open,trade_high,trade_low,trade_close,trade_mean,trade_previous,yes_bid_close,yes_ask_close,timestamp_et,midpoint,spread,trade_close_filled
2026-04-29 13:07:00+00:00,304780.76,17.57,0.449,0.449,0.449,0.449,0.449,0.449,0.449,0.45,2026-04-29 09:07:00-04:00,0.4495,0.0010000000000000009,0.449
2026-04-29 13:09:00+00:00,304780.76,0.0,,,,,,0.449,0.433,0.45,2026-04-29 09:09:00-04:00,0.4415,0.017000000000000015,0.449
2026-04-29 13:10:00+00:00,304780.76,0.0,,,,,,0.449,0.434,0.45,2026-04-29 09:10:00-04:00,0.442,0.016000000000000014,0.449
2026-04-29 13:11:00+00:00,304785.76,5.0,0.45,0.45,0.45,0.45,0.45,0.449,0.434,0.45,2026-04-29 09:11:00-04:00,0.442,0.016000000000000014,0.45
2026-04-29 13:12:00+00:00,304785.76,0.0,,,,,,0.45,0.435,0.45,2026-04-29 09:12:00-04:00,0.4425,0.015000000000000013,0.45
2026-04-29 13:13:00+00:00,304785.76,0.0,,,,,,0.45,0.435,0.44,2026-04-29 09:13:00-04:00,0.4375,0.0050000000000000044,0.45
2026-04-29 13:28:00+00:00,304785.76,0.0,,,,,,0.45,0.439,0.44,2026-04-29 09:28:00-04:00,0.4395,0.0010000000000000009,0.45
2026-04-29 13:29:00+00:00,304780.76,5.0,0.44,0.44,0.44,0.44,0.44,0.45,0.441,0.45,2026-04-29 09:29:00-04:00,0.4455,0.009000000000000008,0.44
2026-04-29 13:36:00+00:00,304780.76,0.0,,,,,,0.44,0.446,0.45,2026-04-29 09:36:00-04:00,0.448,0.0040000000000000036,0.44
2026-04-29 13:46:00+00:00,304780.76,0.0,,,,,,0.44,0.449,0.45,2026-04-29 09:46:00-04:00,0.4495,0.0010000000000000009,0.44
2026-04-29 13:48:00+00:00,308702.96,3922.2,0.45,0.483,0.45,0.483,0.4679,0.44,0.451,0.492,2026-04-29 09:48:00-04:00,0.47150000000000003,0.04099999999999998,0.483
2026-04-29 13:49:00+00:00,308702.96,0.0,,,,,,0.483,0.452,0.491,2026-04-29 09:49:00-04:00,0.47150000000000003,0.03899999999999998,0.483
2026-04-29 13:51:00+00:00,310706.94,2123.2,0.491,0.493,0.491,0.493,0.4929,0.483,0.456,0.495,2026-04-29 09:51:00-04:00,0.47550000000000003,0.03899999999999998,0.493
2026-04-29 13:52:00+00:00,311933.48,4257.66,0.495,0.503,0.495,0.503,0.5013,0.493,0.503,0.522,2026-04-29 09:52:00-04:00,0.5125,0.019000000000000017,0.503
2026-04-29 13:53:00+00:00,311933.48,0.0,,,,,,0.503,0.503,0.52,2026-04-29 09:53:00-04:00,0.5115000000000001,0.017000000000000015,0.503
2026-04-29 13:56:00+00:00,311933.48,0.0,,,,,,0.503,0.503,0.519,2026-04-29 09:56:00-04:00,0.511,0.016000000000000014,0.503
2026-04-29 13:58:00+00:00,311933.48,0.0,,,,,,0.503,0.492,0.519,2026-04-29 09:58:00-04:00,0.5055000000000001,0.027000000000000024,0.503
2026-04-29 14:03:00+00:00,311933.48,0.0,,,,,,0.503,0.498,0.519,2026-04-29 10:03:00-04:00,0.5085,0.02100000000000002,0.503
2026-04-29 14:11:00+00:00,311933.48,0.0,,,,,,0.503,0.495,0.519,2026-04-29 10:11:00-04:00,0.507,0.02400000000000002,0.503
2026-04-29 14:13:00+00:00,311933.48,0.0,,,,,,0.503,0.496,0.518,2026-04-29 10:13:00-04:00,0.507,0.02200000000000002,0.503
2026-04-29 14:14:00+00:00,311933.48,0.0,,,,,,0.503,0.498,0.518,2026-04-29 10:14:00-04:00,0.508,0.020000000000000018,0.503
2026-04-29 14:16:00+00:00,311933.48,0.0,,,,,,0.503,0.499,0.518,2026-04-29 10:16:00-04:00,0.5085,0.019000000000000017,0.503
2026-04-29 14:18:00+00:00,311941.55,18.63,0.518,0.519,0.518,0.519,0.5186,0.503,0.501,0.519,2026-04-29 10:18:00-04:00,0.51,0.018000000000000016,0.519
2026-04-29 14:33:00+00:00,311941.55,0.0,,,,,,0.519,0.501,0.519,2026-04-29 10:33:00-04:00,0.51,0.018000000000000016,0.519
2026-04-29 14:36:00+00:00,311941.55,0.0,,,,,,0.519,0.501,0.517,2026-04-29 10:36:00-04:00,0.509,0.016000000000000014,0.519
2026-04-29 14:37:00+00:00,311941.55,0.0,,,,,,0.519,0.498,0.517,2026-04-29 10:37:00-04:00,0.5075000000000001,0.019000000000000017,0.519
2026-04-29 14:50:00+00:00,311941.55,0.0,,,,,,0.519,0.499,0.519,2026-04-29 10:50:00-04:00,0.509,0.020000000000000018,0.519
2026-04-29 14:51:00+00:00,311941.55,0.0,,,,,,0.519,0.5,0.519,2026-04-29 10:51:00-04:00,0.5095000000000001,0.019000000000000017,0.519
2026-04-29 14:59:00+00:00,311941.55,0.0,,,,,,0.519,0.504,0.519,2026-04-29 10:59:00-04:00,0.5115000000000001,0.015000000000000013,0.519
2026-04-29 15:00:00+00:00,311941.55,0.0,,,,,,0.519,0.505,0.519,2026-04-29 11:00:00-04:00,0.512,0.014000000000000012,0.519
2026-04-29 15:07:00+00:00,311941.55,0.0,,,,,,0.519,0.505,0.519,2026-04-29 11:07:00-04:00,0.512,0.014000000000000012,0.519
2026-04-29 15:10:00+00:00,311882.55,59.0,0.505,0.505,0.505,0.505,0.505,0.519,0.506,0.518,2026-04-29 11:10:00-04:00,0.512,0.01200000000000001,0.505
2026-04-29 15:12:00+00:00,311882.55,0.0,,,,,,0.505,0.507,0.518,2026-04-29 11:12:00-04:00,0.5125,0.01100000000000001,0.505
2026-04-29 15:15:00+00:00,311882.55,0.0,,,,,,0.505,0.509,0.518,2026-04-29 11:15:00-04:00,0.5135000000000001,0.009000000000000008,0.505
2026-04-29 15:16:00+00:00,311882.55,0.0,,,,,,0.505,0.509,0.519,2026-04-29 11:16:00-04:00,0.514,0.010000000000000009,0.505
2026-04-29 15:29:00+00:00,311830.55,52.0,0.509,0.509,0.509,0.509,0.509,0.505,0.51,0.519,2026-04-29 11:29:00-04:00,0.5145,0.009000000000000008,0.509
2026-04-29 15:31:00+00:00,311830.55,0.0,,,,,,0.509,0.509,0.519,2026-04-29 11:31:00-04:00,0.514,0.010000000000000009,0.509
2026-04-29 15:42:00+00:00,311830.55,0.0,,,,,,0.509,0.51,0.519,2026-04-29 11:42:00-04:00,0.5145,0.009000000000000008,0.509
2026-04-29 15:43:00+00:00,311830.55,0.0,,,,,,0.509,0.51,0.519,2026-04-29 11:43:00-04:00,0.5145,0.009000000000000008,0.509
2026-04-29 15:59:00+00:00,311830.55,18.62,0.519,0.519,0.519,0.519,0.519,0.509,0.511,0.519,2026-04-29 11:59:00-04:00,0.515,0.008000000000000007,0.519
2026-04-29 16:00:00+00:00,311830.55,0.0,,,,,,0.519,0.511,0.519,2026-04-29 12:00:00-04:00,0.515,0.008000000000000007,0.519
2026-04-29 16:03:00+00:00,313653.77,4794.04,0.519,0.52,0.519,0.52,0.5194,0.519,0.513,0.525,2026-04-29 12:03:00-04:00,0.519,0.01200000000000001,0.52
2026-04-29 16:04:00+00:00,313653.77,0.0,,,,,,0.52,0.514,0.53,2026-04-29 12:04:00-04:00,0.522,0.016000000000000014,0.52
2026-04-29 16:10:00+00:00,313653.77,0.0,,,,,,0.52,0.516,0.53,2026-04-29 12:10:00-04:00,0.523,0.014000000000000012,0.52
2026-04-29 16:11:00+00:00,313653.77,0.0,,,,,,0.52,0.516,0.53,2026-04-29 12:11:00-04:00,0.523,0.014000000000000012,0.52
2026-04-29 16:14:00+00:00,313653.77,0.0,,,,,,0.52,0.519,0.53,2026-04-29 12:14:00-04:00,0.5245,0.01100000000000001,0.52
2026-04-29 16:18:00+00:00,313653.77,0.0,,,,,,0.52,0.519,0.53,2026-04-29 12:18:00-04:00,0.5245,0.01100000000000001,0.52
2026-04-29 16:19:00+00:00,313653.77,0.0,,,,,,0.52,0.52,0.53,2026-04-29 12:19:00-04:00,0.525,0.010000000000000009,0.52
2026-04-29 16:21:00+00:00,313653.77,0.0,,,,,,0.52,0.52,0.53,2026-04-29 12:21:00-04:00,0.525,0.010000000000000009,0.52
2026-04-29 16:24:00+00:00,313653.77,232.0,0.52,0.52,0.52,0.52,0.52,0.52,0.521,0.53,2026-04-29 12:24:00-04:00,0.5255000000000001,0.009000000000000008,0.52
2026-04-29 16:29:00+00:00,313833.77,200.0,0.53,0.555,0.53,0.555,0.5349,0.52,0.523,0.555,2026-04-29 12:29:00-04:00,0.539,0.03200000000000003,0.555
2026-04-29 16:30:00+00:00,313833.77,0.0,,,,,,0.555,0.534,0.555,2026-04-29 12:30:00-04:00,0.5445,0.02100000000000002,0.555
2026-04-29 16:31:00+00:00,313833.77,0.0,,,,,,0.555,0.534,0.556,2026-04-29 12:31:00-04:00,0.545,0.02200000000000002,0.555
2026-04-29 16:34:00+00:00,313833.77,0.0,,,,,,0.555,0.536,0.556,2026-04-29 12:34:00-04:00,0.546,0.020000000000000018,0.555
2026-04-29 16:45:00+00:00,313833.77,0.0,,,,,,0.555,0.531,0.556,2026-04-29 12:45:00-04:00,0.5435000000000001,0.025000000000000022,0.555
2026-04-29 16:47:00+00:00,313833.77,0.0,,,,,,0.555,0.531,0.569,2026-04-29 12:47:00-04:00,0.55,0.03799999999999992,0.555
2026-04-29 16:49:00+00:00,313833.77,0.0,,,,,,0.555,0.531,0.569,2026-04-29 12:49:00-04:00,0.55,0.03799999999999992,0.555
2026-04-29 16:51:00+00:00,313833.77,0.0,,,,,,0.555,0.531,0.55,2026-04-29 12:51:00-04:00,0.5405,0.019000000000000017,0.555
2026-04-29 16:53:00+00:00,313833.77,0.0,,,,,,0.555,0.535,0.55,2026-04-29 12:53:00-04:00,0.5425,0.015000000000000013,0.555
2026-04-29 16:54:00+00:00,313833.77,41.44,0.535,0.535,0.535,0.535,0.535,0.555,0.535,0.55,2026-04-29 12:54:00-04:00,0.5425,0.015000000000000013,0.535
2026-04-29 16:55:00+00:00,313833.77,0.0,,,,,,0.535,0.536,0.55,2026-04-29 12:55:00-04:00,0.543,0.014000000000000012,0.535
2026-04-29 17:09:00+00:00,313833.77,0.0,,,,,,0.535,0.538,0.55,2026-04-29 13:09:00-04:00,0.544,0.01200000000000001,0.535
2026-04-29 17:10:00+00:00,313833.77,0.0,,,,,,0.535,0.539,0.55,2026-04-29 13:10:00-04:00,0.5445,0.01100000000000001,0.535
2026-04-29 17:14:00+00:00,313833.77,0.0,,,,,,0.535,0.533,0.55,2026-04-29 13:14:00-04:00,0.5415000000000001,0.017000000000000015,0.535
2026-04-29 17:25:00+00:00,313833.77,1.76,0.55,0.55,0.55,0.55,0.55,0.535,0.534,0.55,2026-04-29 13:25:00-04:00,0.542,0.016000000000000014,0.55
2026-04-29 17:26:00+00:00,313833.77,0.0,,,,,,0.55,0.535,0.55,2026-04-29 13:26:00-04:00,0.5425,0.015000000000000013,0.55
2026-04-29 17:29:00+00:00,313833.77,0.0,,,,,,0.55,0.539,0.55,2026-04-29 13:29:00-04:00,0.5445,0.01100000000000001,0.55
2026-04-29 17:31:00+00:00,313833.77,0.0,,,,,,0.55,0.54,0.55,2026-04-29 13:31:00-04:00,0.545,0.010000000000000009,0.55
2026-04-29 17:50:00+00:00,313833.77,0.0,,,,,,0.55,0.544,0.55,2026-04-29 13:50:00-04:00,0.547,0.006000000000000005,0.55
2026-04-29 17:51:00+00:00,313833.77,0.0,,,,,,0.55,0.545,0.55,2026-04-29 13:51:00-04:00,0.5475000000000001,0.0050000000000000044,0.55
2026-04-29 17:56:00+00:00,313833.77,75.0,0.545,0.545,0.545,0.545,0.545,0.55,0.545,0.55,2026-04-29 13:56:00-04:00,0.5475000000000001,0.0050000000000000044,0.545
2026-04-29 17:57:00+00:00,313833.77,0.0,,,,,,0.545,0.546,0.55,2026-04-29 13:57:00-04:00,0.548,0.0040000000000000036,0.545
2026-04-29 17:59:00+00:00,313702.77,131.88,0.55,0.55,0.545,0.545,0.5451,0.545,0.544,0.55,2026-04-29 13:59:00-04:00,0.547,0.006000000000000005,0.545
2026-04-29 18:01:00+00:00,313702.77,0.0,,,,,,0.545,0.545,0.55,2026-04-29 14:01:00-04:00,0.5475000000000001,0.0050000000000000044,0.545
2026-04-29 18:08:00+00:00,313702.77,0.0,,,,,,0.545,0.544,0.55,2026-04-29 14:08:00-04:00,0.547,0.006000000000000005,0.545
2026-04-29 18:09:00+00:00,313669.77,33.0,0.55,0.55,0.55,0.55,0.55,0.545,0.544,0.55,2026-04-29 14:09:00-04:00,0.547,0.006000000000000005,0.55
2026-04-29 18:13:00+00:00,313542.77,127.0,0.544,0.544,0.543,0.543,0.543,0.55,0.542,0.55,2026-04-29 14:13:00-04:00,0.546,0.008000000000000007,0.543
2026-04-29 18:14:00+00:00,313542.77,0.0,,,,,,0.543,0.543,0.55,2026-04-29 14:14:00-04:00,0.5465,0.007000000000000006,0.543
2026-04-29 18:16:00+00:00,313482.77,60.0,0.55,0.55,0.55,0.55,0.55,0.543,0.543,0.55,2026-04-29 14:16:00-04:00,0.5465,0.007000000000000006,0.55
2026-04-29 18:25:00+00:00,313482.77,0.0,,,,,,0.55,0.543,0.55,2026-04-29 14:25:00-04:00,0.5465,0.007000000000000006,0.55
2026-04-29 18:26:00+00:00,313482.77,0.0,,,,,,0.55,0.543,0.55,2026-04-29 14:26:00-04:00,0.5465,0.007000000000000006,0.55
2026-04-29 18:27:00+00:00,313489.64,36.23,0.55,0.559,0.55,0.559,0.5517,0.55,0.543,0.559,2026-04-29 14:27:00-04:00,0.551,0.016000000000000014,0.559
2026-04-29 18:28:00+00:00,313489.64,0.0,,,,,,0.559,0.544,0.559,2026-04-29 14:28:00-04:00,0.5515000000000001,0.015000000000000013,0.559
2026-04-29 18:29:00+00:00,313489.64,0.0,,,,,,0.559,0.544,0.555,2026-04-29 14:29:00-04:00,0.5495000000000001,0.01100000000000001,0.559
2026-04-29 18:30:00+00:00,313512.75,23.11,0.555,0.555,0.555,0.555,0.555,0.559,0.533,0.553,2026-04-29 14:30:00-04:00,0.543,0.020000000000000018,0.555
2026-04-29 18:32:00+00:00,313512.75,0.0,,,,,,0.555,0.533,0.553,2026-04-29 14:32:00-04:00,0.543,0.020000000000000018,0.555
2026-04-29 18:34:00+00:00,313512.75,0.0,,,,,,0.555,0.533,0.55,2026-04-29 14:34:00-04:00,0.5415000000000001,0.017000000000000015,0.555
2026-04-29 18:39:00+00:00,313512.75,0.0,,,,,,0.555,0.533,0.553,2026-04-29 14:39:00-04:00,0.543,0.020000000000000018,0.555
2026-04-29 18:41:00+00:00,313512.75,0.0,,,,,,0.555,0.533,0.552,2026-04-29 14:41:00-04:00,0.5425,0.019000000000000017,0.555
2026-04-29 18:42:00+00:00,313600.54,87.79,0.552,0.553,0.552,0.553,0.5522,0.555,0.533,0.553,2026-04-29 14:42:00-04:00,0.543,0.020000000000000018,0.553
2026-04-29 18:43:00+00:00,313600.54,0.0,,,,,,0.553,0.533,0.552,2026-04-29 14:43:00-04:00,0.5425,0.019000000000000017,0.553
2026-04-29 18:45:00+00:00,313709.3,108.76,0.552,0.552,0.552,0.552,0.552,0.553,0.532,0.552,2026-04-29 14:45:00-04:00,0.542,0.020000000000000018,0.552
2026-04-29 18:47:00+00:00,313709.3,0.0,,,,,,0.552,0.533,0.552,2026-04-29 14:47:00-04:00,0.5425,0.019000000000000017,0.552
2026-04-29 18:48:00+00:00,315709.3,2000.0,0.552,0.552,0.552,0.552,0.552,0.552,0.534,0.557,2026-04-29 14:48:00-04:00,0.5455000000000001,0.02300000000000002,0.552
2026-04-29 18:49:00+00:00,315717.45,8.15,0.559,0.559,0.559,0.559,0.559,0.552,0.536,0.56,2026-04-29 14:49:00-04:00,0.548,0.02400000000000002,0.559
2026-04-29 18:51:00+00:00,315717.45,0.0,,,,,,0.559,0.537,0.56,2026-04-29 14:51:00-04:00,0.5485,0.02300000000000002,0.559
2026-04-29 18:53:00+00:00,315717.45,0.0,,,,,,0.559,0.541,0.56,2026-04-29 14:53:00-04:00,0.5505,0.019000000000000017,0.559
2026-04-29 18:54:00+00:00,315717.45,0.0,,,,,,0.559,0.543,0.56,2026-04-29 14:54:00-04:00,0.5515000000000001,0.017000000000000015,0.559
2026-04-29 18:55:00+00:00,315717.45,0.0,,,,,,0.559,0.544,0.56,2026-04-29 14:55:00-04:00,0.552,0.016000000000000014,0.559
2026-04-29 18:56:00+00:00,315717.45,0.0,,,,,,0.559,0.545,0.56,2026-04-29 14:56:00-04:00,0.5525,0.015000000000000013,0.559
2026-04-29 18:57:00+00:00,315717.45,2000.0,0.56,0.56,0.56,0.56,0.56,0.559,0.55,0.56,2026-04-29 14:57:00-04:00,0.555,0.010000000000000009,0.56
2026-04-29 18:59:00+00:00,315717.45,1000.0,0.56,0.56,0.56,0.56,0.56,0.56,0.56,0.57,2026-04-29 14:59:00-04:00,0.565,0.009999999999999898,0.56
2026-04-29 19:00:00+00:00,315903.45,486.0,0.57,0.57,0.57,0.57,0.57,0.56,0.563,0.581,2026-04-29 15:00:00-04:00,0.572,0.018000000000000016,0.57
2026-04-29 19:01:00+00:00,315903.45,0.0,,,,,,0.57,0.564,0.582,2026-04-29 15:01:00-04:00,0.573,0.018000000000000016,0.57
2026-04-29 19:09:00+00:00,316070.09,166.64,0.582,0.583,0.582,0.583,0.583,0.57,0.564,0.583,2026-04-29 15:09:00-04:00,0.5734999999999999,0.019000000000000017,0.583
2026-04-29 19:10:00+00:00,316070.09,0.0,,,,,,0.583,0.565,0.583,2026-04-29 15:10:00-04:00,0.574,0.018000000000000016,0.583
2026-04-29 19:11:00+00:00,316070.09,0.0,,,,,,0.583,0.57,0.583,2026-04-29 15:11:00-04:00,0.5765,0.013000000000000012,0.583
2026-04-29 19:12:00+00:00,316070.09,0.0,,,,,,0.583,0.571,0.584,2026-04-29 15:12:00-04:00,0.5774999999999999,0.013000000000000012,0.583
2026-04-29 19:13:00+00:00,316170.09,100.0,0.584,0.584,0.584,0.584,0.584,0.583,0.571,0.584,2026-04-29 15:13:00-04:00,0.5774999999999999,0.013000000000000012,0.584
2026-04-29 19:16:00+00:00,312294.65,4897.41,0.571,0.571,0.544,0.544,0.5589,0.584,0.544,0.589,2026-04-29 15:16:00-04:00,0.5665,0.04499999999999993,0.544
2026-04-29 19:17:00+00:00,312294.65,0.0,,,,,,0.544,0.541,0.585,2026-04-29 15:17:00-04:00,0.563,0.04399999999999993,0.544
2026-04-29 19:18:00+00:00,312294.65,0.0,,,,,,0.544,0.539,0.584,2026-04-29 15:18:00-04:00,0.5615,0.04499999999999993,0.544
2026-04-29 19:19:00+00:00,312294.65,0.0,,,,,,0.544,0.539,0.584,2026-04-29 15:19:00-04:00,0.5615,0.04499999999999993,0.544
2026-04-29 19:20:00+00:00,312294.65,0.0,,,,,,0.544,0.539,0.584,2026-04-29 15:20:00-04:00,0.5615,0.04499999999999993,0.544
2026-04-29 19:21:00+00:00,312294.65,0.0,,,,,,0.544,0.539,0.55,2026-04-29 15:21:00-04:00,0.5445,0.01100000000000001,0.544
2026-04-29 19:22:00+00:00,312294.65,0.0,,,,,,0.544,0.539,0.55,2026-04-29 15:22:00-04:00,0.5445,0.01100000000000001,0.544
2026-04-29 19:24:00+00:00,312294.65,0.0,,,,,,0.544,0.539,0.55,2026-04-29 15:24:00-04:00,0.5445,0.01100000000000001,0.544
2026-04-29 19:26:00+00:00,312294.65,0.0,,,,,,0.544,0.539,0.55,2026-04-29 15:26:00-04:00,0.5445,0.01100000000000001,0.544
2026-04-29 19:32:00+00:00,312294.65,100.0,0.55,0.55,0.55,0.55,0.55,0.544,0.539,0.568,2026-04-29 15:32:00-04:00,0.5535,0.028999999999999915,0.55
2026-04-29 19:35:00+00:00,312303.17,8.52,0.568,0.568,0.568,0.568,0.568,0.55,0.539,0.568,2026-04-29 15:35:00-04:00,0.5535,0.028999999999999915,0.568
2026-04-29 19:38:00+00:00,312306.57,3.4,0.568,0.568,0.568,0.568,0.568,0.568,0.539,0.568,2026-04-29 15:38:00-04:00,0.5535,0.028999999999999915,0.568
2026-04-29 19:39:00+00:00,312313.37,6.8,0.568,0.568,0.568,0.568,0.568,0.568,0.539,0.568,2026-04-29 15:39:00-04:00,0.5535,0.028999999999999915,0.568
2026-04-29 19:40:00+00:00,312313.37,0.0,,,,,,0.568,0.539,0.565,2026-04-29 15:40:00-04:00,0.552,0.025999999999999912,0.568
2026-04-29 19:41:00+00:00,312313.37,0.0,,,,,,0.568,0.539,0.564,2026-04-29 15:41:00-04:00,0.5515,0.02499999999999991,0.568
2026-04-29 19:47:00+00:00,312313.37,0.0,,,,,,0.568,0.539,0.563,2026-04-29 15:47:00-04:00,0.5509999999999999,0.02399999999999991,0.568
2026-04-29 19:48:00+00:00,312324.14,2027.77,0.539,0.539,0.537,0.537,0.537,0.568,0.536,0.562,2026-04-29 15:48:00-04:00,0.549,0.026000000000000023,0.537
2026-04-29 19:49:00+00:00,312330.84,6.7,0.536,0.536,0.536,0.536,0.536,0.537,0.531,0.535,2026-04-29 15:49:00-04:00,0.533,0.0040000000000000036,0.536
2026-04-29 19:50:00+00:00,312297.11,33.73,0.531,0.531,0.531,0.531,0.531,0.536,0.532,0.535,2026-04-29 15:50:00-04:00,0.5335000000000001,0.0030000000000000027,0.531
2026-04-29 19:51:00+00:00,312297.11,1300.0,0.532,0.532,0.532,0.532,0.532,0.531,0.53,0.538,2026-04-29 15:51:00-04:00,0.534,0.008000000000000007,0.532
2026-04-29 19:53:00+00:00,312297.11,0.0,,,,,,0.532,0.53,0.549,2026-04-29 15:53:00-04:00,0.5395000000000001,0.019000000000000017,0.532
2026-04-29 19:54:00+00:00,314328.91,2071.24,0.549,0.55,0.549,0.55,0.55,0.532,0.532,0.551,2026-04-29 15:54:00-04:00,0.5415000000000001,0.019000000000000017,0.55
2026-04-29 19:55:00+00:00,314328.91,0.0,,,,,,0.55,0.533,0.559,2026-04-29 15:55:00-04:00,0.546,0.026000000000000023,0.55
2026-04-29 19:56:00+00:00,314328.91,23.44,0.533,0.533,0.533,0.533,0.533,0.55,0.534,0.559,2026-04-29 15:56:00-04:00,0.5465,0.025000000000000022,0.533
2026-04-29 19:57:00+00:00,314328.91,0.0,,,,,,0.533,0.535,0.559,2026-04-29 15:57:00-04:00,0.547,0.02400000000000002,0.533
2026-04-29 19:58:00+00:00,314328.91,0.0,,,,,,0.533,0.535,0.559,2026-04-29 15:58:00-04:00,0.547,0.02400000000000002,0.533
2026-04-29 20:07:00+00:00,314346.24,17.33,0.559,0.559,0.559,0.559,0.559,0.533,0.539,0.559,2026-04-29 16:07:00-04:00,0.549,0.020000000000000018,0.559
2026-04-29 20:08:00+00:00,314346.24,0.0,,,,,,0.559,0.54,0.563,2026-04-29 16:08:00-04:00,0.5515,0.02299999999999991,0.559
2026-04-29 20:15:00+00:00,314380.27,34.03,0.563,0.563,0.563,0.563,0.563,0.559,0.541,0.563,2026-04-29 16:15:00-04:00,0.552,0.02199999999999991,0.563
2026-04-29 20:19:00+00:00,314380.27,0.0,,,,,,0.563,0.54,0.563,2026-04-29 16:19:00-04:00,0.5515,0.02299999999999991,0.563
2026-04-29 20:21:00+00:00,314380.27,0.0,,,,,,0.563,0.543,0.563,2026-04-29 16:21:00-04:00,0.5529999999999999,0.019999999999999907,0.563
2026-04-29 20:22:00+00:00,314380.27,0.0,,,,,,0.563,0.544,0.562,2026-04-29 16:22:00-04:00,0.553,0.018000000000000016,0.563
2026-04-29 20:24:00+00:00,314380.27,0.0,,,,,,0.563,0.544,0.562,2026-04-29 16:24:00-04:00,0.553,0.018000000000000016,0.563
2026-04-29 20:26:00+00:00,314380.27,0.0,,,,,,0.563,0.544,0.562,2026-04-29 16:26:00-04:00,0.553,0.018000000000000016,0.563
2026-04-29 20:29:00+00:00,314380.27,0.0,,,,,,0.563,0.544,0.562,2026-04-29 16:29:00-04:00,0.553,0.018000000000000016,0.563
2026-04-29 20:31:00+00:00,314380.27,0.0,,,,,,0.563,0.544,0.562,2026-04-29 16:31:00-04:00,0.553,0.018000000000000016,0.563
2026-04-29 20:32:00+00:00,314380.7,206.68,0.544,0.544,0.543,0.543,0.5433,0.563,0.543,0.562,2026-04-29 16:32:00-04:00,0.5525,0.019000000000000017,0.543
2026-04-29 20:33:00+00:00,314380.7,0.0,,,,,,0.543,0.542,0.561,2026-04-29 16:33:00-04:00,0.5515000000000001,0.019000000000000017,0.543
2026-04-29 20:40:00+00:00,314380.7,0.0,,,,,,0.543,0.546,0.561,2026-04-29 16:40:00-04:00,0.5535000000000001,0.015000000000000013,0.543
2026-04-29 20:41:00+00:00,314380.7,0.0,,,,,,0.543,0.547,0.567,2026-04-29 16:41:00-04:00,0.5569999999999999,0.019999999999999907,0.543
2026-04-29 20:43:00+00:00,314380.7,0.0,,,,,,0.543,0.547,0.567,2026-04-29 16:43:00-04:00,0.5569999999999999,0.019999999999999907,0.543
2026-04-29 20:51:00+00:00,314380.7,0.0,,,,,,0.543,0.548,0.567,2026-04-29 16:51:00-04:00,0.5575,0.018999999999999906,0.543
2026-04-29 20:53:00+00:00,314380.7,0.0,,,,,,0.543,0.548,0.567,2026-04-29 16:53:00-04:00,0.5575,0.018999999999999906,0.543
2026-04-29 20:55:00+00:00,314380.7,0.0,,,,,,0.543,0.548,0.567,2026-04-29 16:55:00-04:00,0.5575,0.018999999999999906,0.543
2026-04-29 20:57:00+00:00,314380.7,0.0,,,,,,0.543,0.548,0.567,2026-04-29 16:57:00-04:00,0.5575,0.018999999999999906,0.543
2026-04-29 20:59:00+00:00,314380.7,0.0,,,,,,0.543,0.548,0.567,2026-04-29 16:59:00-04:00,0.5575,0.018999999999999906,0.543
2026-04-29 21:02:00+00:00,314380.7,0.0,,,,,,0.543,0.548,0.567,2026-04-29 17:02:00-04:00,0.5575,0.018999999999999906,0.543
2026-04-29 21:04:00+00:00,314380.7,0.0,,,,,,0.543,0.548,0.567,2026-04-29 17:04:00-04:00,0.5575,0.018999999999999906,0.543
2026-04-29 21:06:00+00:00,314380.7,0.0,,,,,,0.543,0.548,0.567,2026-04-29 17:06:00-04:00,0.5575,0.018999999999999906,0.543
2026-04-29 21:08:00+00:00,314380.7,0.0,,,,,,0.543,0.548,0.567,2026-04-29 17:08:00-04:00,0.5575,0.018999999999999906,0.543
2026-04-29 21:10:00+00:00,314380.7,0.0,,,,,,0.543,0.548,0.567,2026-04-29 17:10:00-04:00,0.5575,0.018999999999999906,0.543
2026-04-29 21:12:00+00:00,314380.7,0.0,,,,,,0.543,0.548,0.567,2026-04-29 17:12:00-04:00,0.5575,0.018999999999999906,0.543
2026-04-29 21:14:00+00:00,314380.7,0.0,,,,,,0.543,0.549,0.568,2026-04-29 17:14:00-04:00,0.5585,0.018999999999999906,0.543
2026-04-29 21:16:00+00:00,314380.7,0.0,,,,,,0.543,0.549,0.568,2026-04-29 17:16:00-04:00,0.5585,0.018999999999999906,0.543
2026-04-29 21:27:00+00:00,314380.7,0.0,,,,,,0.543,0.549,0.567,2026-04-29 17:27:00-04:00,0.558,0.017999999999999905,0.543
2026-04-29 21:29:00+00:00,314386.54,6.27,0.566,0.566,0.566,0.566,0.566,0.543,0.548,0.566,2026-04-29 17:29:00-04:00,0.5569999999999999,0.017999999999999905,0.566
2026-04-29 21:30:00+00:00,314386.54,0.0,,,,,,0.566,0.547,0.564,2026-04-29 17:30:00-04:00,0.5555,0.016999999999999904,0.566
2026-04-29 21:31:00+00:00,314386.54,0.0,,,,,,0.566,0.542,0.563,2026-04-29 17:31:00-04:00,0.5525,0.020999999999999908,0.566
2026-04-29 21:33:00+00:00,314386.54,0.0,,,,,,0.566,0.55,0.563,2026-04-29 17:33:00-04:00,0.5565,0.0129999999999999,0.566
2026-04-29 21:35:00+00:00,314386.54,0.0,,,,,,0.566,0.55,0.563,2026-04-29 17:35:00-04:00,0.5565,0.0129999999999999,0.566
2026-04-29 21:36:00+00:00,314375.54,11.0,0.55,0.55,0.55,0.55,0.55,0.566,0.55,0.561,2026-04-29 17:36:00-04:00,0.5555000000000001,0.01100000000000001,0.55
2026-04-29 21:37:00+00:00,314375.54,0.0,,,,,,0.55,0.55,0.56,2026-04-29 17:37:00-04:00,0.555,0.010000000000000009,0.55
2026-04-29 21:45:00+00:00,314375.54,189.0,0.55,0.55,0.55,0.55,0.55,0.55,0.541,0.545,2026-04-29 17:45:00-04:00,0.543,0.0040000000000000036,0.55
2026-04-29 21:47:00+00:00,314375.54,0.0,,,,,,0.55,0.544,0.545,2026-04-29 17:47:00-04:00,0.5445,0.0010000000000000009,0.55
2026-04-29 21:49:00+00:00,314975.54,600.0,0.545,0.545,0.545,0.545,0.545,0.55,0.546,0.566,2026-04-29 17:49:00-04:00,0.556,0.019999999999999907,0.545
2026-04-29 21:50:00+00:00,314975.54,0.0,,,,,,0.545,0.546,0.566,2026-04-29 17:50:00-04:00,0.556,0.019999999999999907,0.545
2026-04-29 21:51:00+00:00,314975.54,0.0,,,,,,0.545,0.546,0.566,2026-04-29 17:51:00-04:00,0.556,0.019999999999999907,0.545
2026-04-29 21:57:00+00:00,314975.54,0.0,,,,,,0.545,0.546,0.555,2026-04-29 17:57:00-04:00,0.5505,0.009000000000000008,0.545
2026-04-29 22:05:00+00:00,314975.54,0.0,,,,,,0.545,0.545,0.555,2026-04-29 18:05:00-04:00,0.55,0.010000000000000009,0.545
2026-04-29 22:06:00+00:00,314975.54,0.0,,,,,,0.545,0.545,0.555,2026-04-29 18:06:00-04:00,0.55,0.010000000000000009,0.545
2026-04-29 22:19:00+00:00,314975.54,25.0,0.555,0.555,0.555,0.555,0.555,0.545,0.545,0.564,2026-04-29 18:19:00-04:00,0.5545,0.018999999999999906,0.555
2026-04-29 22:29:00+00:00,314975.54,0.0,,,,,,0.555,0.55,0.563,2026-04-29 18:29:00-04:00,0.5565,0.0129999999999999,0.555
2026-04-29 22:31:00+00:00,314975.54,0.0,,,,,,0.555,0.55,0.562,2026-04-29 18:31:00-04:00,0.556,0.01200000000000001,0.555
2026-04-29 22:32:00+00:00,314975.54,86.0,0.55,0.55,0.55,0.55,0.55,0.555,0.545,0.55,2026-04-29 18:32:00-04:00,0.5475000000000001,0.0050000000000000044,0.55
2026-04-29 22:33:00+00:00,314975.54,0.0,,,,,,0.55,0.545,0.55,2026-04-29 18:33:00-04:00,0.5475000000000001,0.0050000000000000044,0.55
2026-04-29 22:35:00+00:00,314740.54,295.0,0.545,0.545,0.543,0.543,0.5434,0.55,0.542,0.55,2026-04-29 18:35:00-04:00,0.546,0.008000000000000007,0.543
2026-04-29 22:37:00+00:00,314740.54,0.0,,,,,,0.543,0.536,0.549,2026-04-29 18:37:00-04:00,0.5425,0.013000000000000012,0.543
2026-04-29 22:38:00+00:00,314665.61,74.93,0.536,0.536,0.536,0.536,0.536,0.543,0.536,0.549,2026-04-29 18:38:00-04:00,0.5425,0.013000000000000012,0.536
2026-04-29 22:39:00+00:00,314665.61,0.0,,,,,,0.536,0.536,0.548,2026-04-29 18:39:00-04:00,0.542,0.01200000000000001,0.536
2026-04-29 22:42:00+00:00,314710.36,88.35,0.548,0.549,0.548,0.549,0.5485,0.536,0.536,0.549,2026-04-29 18:42:00-04:00,0.5425,0.013000000000000012,0.549
2026-04-29 22:43:00+00:00,314710.36,0.0,,,,,,0.549,0.536,0.549,2026-04-29 18:43:00-04:00,0.5425,0.013000000000000012,0.549
2026-04-29 23:06:00+00:00,314710.36,0.0,,,,,,0.549,0.539,0.549,2026-04-29 19:06:00-04:00,0.544,0.010000000000000009,0.549
2026-04-29 23:08:00+00:00,314710.36,0.0,,,,,,0.549,0.539,0.549,2026-04-29 19:08:00-04:00,0.544,0.010000000000000009,0.549
2026-04-29 23:14:00+00:00,314710.36,0.0,,,,,,0.549,0.539,0.549,2026-04-29 19:14:00-04:00,0.544,0.010000000000000009,0.549
2026-04-29 23:16:00+00:00,314710.36,0.0,,,,,,0.549,0.539,0.549,2026-04-29 19:16:00-04:00,0.544,0.010000000000000009,0.549
2026-04-29 23:19:00+00:00,314710.36,0.0,,,,,,0.549,0.54,0.549,2026-04-29 19:19:00-04:00,0.5445,0.009000000000000008,0.549
2026-04-29 23:20:00+00:00,314710.36,0.0,,,,,,0.549,0.54,0.549,2026-04-29 19:20:00-04:00,0.5445,0.009000000000000008,0.549
2026-04-29 23:30:00+00:00,314710.36,0.0,,,,,,0.549,0.544,0.549,2026-04-29 19:30:00-04:00,0.5465,0.0050000000000000044,0.549
2026-04-29 23:59:00+00:00,314710.36,0.0,,,,,,0.549,0.543,0.549,2026-04-29 19:59:00-04:00,0.546,0.006000000000000005,0.549
2026-04-30 00:14:00+00:00,314710.36,0.0,,,,,,0.549,0.544,0.549,2026-04-29 20:14:00-04:00,0.5465,0.0050000000000000044,0.549
2026-04-30 00:23:00+00:00,314710.36,2.0,0.549,0.549,0.549,0.549,0.549,0.549,0.543,0.549,2026-04-29 20:23:00-04:00,0.546,0.006000000000000005,0.549
2026-04-30 00:24:00+00:00,313755.96,954.4,0.549,0.549,0.549,0.549,0.549,0.549,0.543,0.55,2026-04-29 20:24:00-04:00,0.5465,0.007000000000000006,0.549
2026-04-30 00:25:00+00:00,313755.96,1045.6,0.55,0.55,0.55,0.55,0.55,0.549,0.543,0.55,2026-04-29 20:25:00-04:00,0.5465,0.007000000000000006,0.55
2026-04-30 00:26:00+00:00,313755.96,0.0,,,,,,0.55,0.544,0.55,2026-04-29 20:26:00-04:00,0.547,0.006000000000000005,0.55
2026-04-30 00:28:00+00:00,313755.96,42.0,0.544,0.544,0.544,0.544,0.544,0.55,0.544,0.55,2026-04-29 20:28:00-04:00,0.547,0.006000000000000005,0.544
2026-04-30 00:44:00+00:00,313755.96,0.0,,,,,,0.544,0.544,0.55,2026-04-29 20:44:00-04:00,0.547,0.006000000000000005,0.544
2026-04-30 00:47:00+00:00,313755.96,0.0,,,,,,0.544,0.544,0.55,2026-04-29 20:47:00-04:00,0.547,0.006000000000000005,0.544
2026-04-30 00:48:00+00:00,313755.96,0.0,,,,,,0.544,0.544,0.55,2026-04-29 20:48:00-04:00,0.547,0.006000000000000005,0.544
2026-04-30 01:04:00+00:00,313755.96,0.0,,,,,,0.544,0.544,0.55,2026-04-29 21:04:00-04:00,0.547,0.006000000000000005,0.544
2026-04-30 01:05:00+00:00,313755.96,0.0,,,,,,0.544,0.544,0.55,2026-04-29 21:05:00-04:00,0.547,0.006000000000000005,0.544
2026-04-30 01:07:00+00:00,313756.96,1.0,0.55,0.55,0.55,0.55,0.55,0.544,0.544,0.55,2026-04-29 21:07:00-04:00,0.547,0.006000000000000005,0.55
2026-04-30 01:11:00+00:00,313756.96,0.0,,,,,,0.55,0.537,0.55,2026-04-29 21:11:00-04:00,0.5435000000000001,0.013000000000000012,0.55
2026-04-30 01:43:00+00:00,313756.96,1.0,0.537,0.537,0.537,0.537,0.537,0.55,0.537,0.55,2026-04-29 21:43:00-04:00,0.5435000000000001,0.013000000000000012,0.537
2026-04-30 01:44:00+00:00,313756.96,0.0,,,,,,0.537,0.536,0.55,2026-04-29 21:44:00-04:00,0.543,0.014000000000000012,0.537
2026-04-30 01:45:00+00:00,313756.96,7.47,0.536,0.536,0.536,0.536,0.536,0.537,0.535,0.536,2026-04-29 21:45:00-04:00,0.5355000000000001,0.0010000000000000009,0.536
2026-04-30 01:46:00+00:00,313756.96,0.0,,,,,,0.536,0.535,0.536,2026-04-29 21:46:00-04:00,0.5355000000000001,0.0010000000000000009,0.536
2026-04-30 01:48:00+00:00,313766.84,10.0,0.535,0.535,0.535,0.535,0.535,0.536,0.535,0.536,2026-04-29 21:48:00-04:00,0.5355000000000001,0.0010000000000000009,0.535
2026-04-30 02:12:00+00:00,313753.8,40.42,0.535,0.535,0.535,0.535,0.535,0.535,0.535,0.536,2026-04-29 22:12:00-04:00,0.5355000000000001,0.0010000000000000009,0.535
2026-04-30 02:14:00+00:00,313753.8,0.0,,,,,,0.535,0.535,0.536,2026-04-29 22:14:00-04:00,0.5355000000000001,0.0010000000000000009,0.535
2026-04-30 02:15:00+00:00,313753.8,0.0,,,,,,0.535,0.534,0.536,2026-04-29 22:15:00-04:00,0.535,0.0020000000000000018,0.535
2026-04-30 02:26:00+00:00,313860.96,107.16,0.536,0.55,0.536,0.55,0.5424,0.535,0.534,0.55,2026-04-29 22:26:00-04:00,0.542,0.016000000000000014,0.55
2026-04-30 02:39:00+00:00,313860.96,0.0,,,,,,0.55,0.54,0.55,2026-04-29 22:39:00-04:00,0.545,0.010000000000000009,0.55
2026-04-30 02:40:00+00:00,313863.96,10.42,0.54,0.54,0.539,0.539,0.5393,0.55,0.539,0.55,2026-04-29 22:40:00-04:00,0.5445,0.01100000000000001,0.539
2026-04-30 02:44:00+00:00,313863.96,0.0,,,,,,0.539,0.54,0.55,2026-04-29 22:44:00-04:00,0.545,0.010000000000000009,0.539
2026-04-30 02:55:00+00:00,313863.96,0.0,,,,,,0.539,0.54,0.55,2026-04-29 22:55:00-04:00,0.545,0.010000000000000009,0.539
2026-04-30 02:57:00+00:00,313863.96,0.0,,,,,,0.539,0.54,0.549,2026-04-29 22:57:00-04:00,0.5445,0.009000000000000008,0.539
2026-04-30 02:59:00+00:00,313609.96,255.0,0.54,0.54,0.539,0.539,0.539,0.539,0.538,0.549,2026-04-29 22:59:00-04:00,0.5435000000000001,0.01100000000000001,0.539
2026-04-30 03:01:00+00:00,313609.96,0.0,,,,,,0.539,0.533,0.549,2026-04-29 23:01:00-04:00,0.541,0.016000000000000014,0.539
2026-04-30 03:03:00+00:00,313609.96,1.0,0.549,0.549,0.549,0.549,0.549,0.539,0.533,0.549,2026-04-29 23:03:00-04:00,0.541,0.016000000000000014,0.549
2026-04-30 03:06:00+00:00,313609.96,0.0,,,,,,0.549,0.536,0.549,2026-04-29 23:06:00-04:00,0.5425,0.013000000000000012,0.549
2026-04-30 03:07:00+00:00,313609.96,0.0,,,,,,0.549,0.537,0.549,2026-04-29 23:07:00-04:00,0.543,0.01200000000000001,0.549
2026-04-30 03:16:00+00:00,313609.96,0.0,,,,,,0.549,0.538,0.549,2026-04-29 23:16:00-04:00,0.5435000000000001,0.01100000000000001,0.549
2026-04-30 03:19:00+00:00,313609.96,0.0,,,,,,0.549,0.537,0.549,2026-04-29 23:19:00-04:00,0.543,0.01200000000000001,0.549
2026-04-30 03:21:00+00:00,313609.96,0.0,,,,,,0.549,0.538,0.549,2026-04-29 23:21:00-04:00,0.5435000000000001,0.01100000000000001,0.549
2026-04-30 03:23:00+00:00,313609.96,0.0,,,,,,0.549,0.537,0.549,2026-04-29 23:23:00-04:00,0.543,0.01200000000000001,0.549
2026-04-30 03:24:00+00:00,313609.96,0.0,,,,,,0.549,0.538,0.549,2026-04-29 23:24:00-04:00,0.5435000000000001,0.01100000000000001,0.549
2026-04-30 03:25:00+00:00,313609.96,0.0,,,,,,0.549,0.537,0.549,2026-04-29 23:25:00-04:00,0.543,0.01200000000000001,0.549
2026-04-30 03:26:00+00:00,313609.96,0.0,,,,,,0.549,0.538,0.549,2026-04-29 23:26:00-04:00,0.5435000000000001,0.01100000000000001,0.549
2026-04-30 03:27:00+00:00,313609.96,0.0,,,,,,0.549,0.537,0.549,2026-04-29 23:27:00-04:00,0.543,0.01200000000000001,0.549
2026-04-30 03:28:00+00:00,313609.96,0.0,,,,,,0.549,0.538,0.549,2026-04-29 23:28:00-04:00,0.5435000000000001,0.01100000000000001,0.549
2026-04-30 03:29:00+00:00,313609.96,0.0,,,,,,0.549,0.538,0.549,2026-04-29 23:29:00-04:00,0.5435000000000001,0.01100000000000001,0.549
2026-04-30 03:30:00+00:00,313609.96,0.0,,,,,,0.549,0.536,0.549,2026-04-29 23:30:00-04:00,0.5425,0.013000000000000012,0.549
2026-04-30 03:38:00+00:00,313609.96,3.0,0.549,0.549,0.549,0.549,0.549,0.549,0.536,0.549,2026-04-29 23:38:00-04:00,0.5425,0.013000000000000012,0.549
2026-04-30 03:47:00+00:00,313636.59,31.13,0.536,0.536,0.536,0.536,0.536,0.549,0.536,0.549,2026-04-29 23:47:00-04:00,0.5425,0.013000000000000012,0.536
2026-04-30 04:13:00+00:00,313636.59,0.0,,,,,,0.536,0.536,0.549,2026-04-30 00:13:00-04:00,0.5425,0.013000000000000012,0.536
2026-04-30 04:14:00+00:00,313636.59,0.0,,,,,,0.536,0.537,0.549,2026-04-30 00:14:00-04:00,0.543,0.01200000000000001,0.536
2026-04-30 04:15:00+00:00,313636.59,0.0,,,,,,0.536,0.537,0.549,2026-04-30 00:15:00-04:00,0.543,0.01200000000000001,0.536
2026-04-30 04:25:00+00:00,313636.59,0.0,,,,,,0.536,0.537,0.549,2026-04-30 00:25:00-04:00,0.543,0.01200000000000001,0.536
2026-04-30 04:33:00+00:00,313691.5,88.17,0.549,0.55,0.549,0.55,0.5495,0.536,0.537,0.55,2026-04-30 00:33:00-04:00,0.5435000000000001,0.013000000000000012,0.55
2026-04-30 04:34:00+00:00,313691.5,0.0,,,,,,0.55,0.532,0.55,2026-04-30 00:34:00-04:00,0.541,0.018000000000000016,0.55
2026-04-30 04:39:00+00:00,313691.5,0.0,,,,,,0.55,0.532,0.549,2026-04-30 00:39:00-04:00,0.5405,0.017000000000000015,0.55
2026-04-30 04:40:00+00:00,313691.5,0.0,,,,,,0.55,0.532,0.548,2026-04-30 00:40:00-04:00,0.54,0.016000000000000014,0.55
2026-04-30 04:45:00+00:00,313691.5,0.0,,,,,,0.55,0.532,0.547,2026-04-30 00:45:00-04:00,0.5395000000000001,0.015000000000000013,0.55
2026-04-30 04:46:00+00:00,313691.5,0.0,,,,,,0.55,0.532,0.546,2026-04-30 00:46:00-04:00,0.539,0.014000000000000012,0.55
2026-04-30 05:02:00+00:00,313704.5,13.0,0.546,0.546,0.546,0.546,0.546,0.55,0.532,0.546,2026-04-30 01:02:00-04:00,0.539,0.014000000000000012,0.546
2026-04-30 05:05:00+00:00,313704.5,0.0,,,,,,0.546,0.532,0.546,2026-04-30 01:05:00-04:00,0.539,0.014000000000000012,0.546
2026-04-30 05:07:00+00:00,313704.5,0.0,,,,,,0.546,0.532,0.55,2026-04-30 01:07:00-04:00,0.541,0.018000000000000016,0.546
2026-04-30 05:08:00+00:00,313704.5,0.0,,,,,,0.546,0.533,0.55,2026-04-30 01:08:00-04:00,0.5415000000000001,0.017000000000000015,0.546
2026-04-30 05:09:00+00:00,313704.5,0.0,,,,,,0.546,0.533,0.55,2026-04-30 01:09:00-04:00,0.5415000000000001,0.017000000000000015,0.546
2026-04-30 05:10:00+00:00,313704.5,0.0,,,,,,0.546,0.532,0.55,2026-04-30 01:10:00-04:00,0.541,0.018000000000000016,0.546
2026-04-30 05:11:00+00:00,313704.5,0.0,,,,,,0.546,0.533,0.55,2026-04-30 01:11:00-04:00,0.5415000000000001,0.017000000000000015,0.546
2026-04-30 05:12:00+00:00,313704.5,0.0,,,,,,0.546,0.533,0.55,2026-04-30 01:12:00-04:00,0.5415000000000001,0.017000000000000015,0.546
2026-04-30 05:13:00+00:00,313704.5,0.0,,,,,,0.546,0.532,0.55,2026-04-30 01:13:00-04:00,0.541,0.018000000000000016,0.546
2026-04-30 05:14:00+00:00,313704.5,0.0,,,,,,0.546,0.532,0.55,2026-04-30 01:14:00-04:00,0.541,0.018000000000000016,0.546
2026-04-30 05:15:00+00:00,313704.5,0.0,,,,,,0.546,0.533,0.55,2026-04-30 01:15:00-04:00,0.5415000000000001,0.017000000000000015,0.546
2026-04-30 05:16:00+00:00,313704.5,0.0,,,,,,0.546,0.533,0.55,2026-04-30 01:16:00-04:00,0.5415000000000001,0.017000000000000015,0.546
2026-04-30 05:17:00+00:00,313704.5,0.0,,,,,,0.546,0.532,0.55,2026-04-30 01:17:00-04:00,0.541,0.018000000000000016,0.546
2026-04-30 05:18:00+00:00,313704.5,0.0,,,,,,0.546,0.537,0.55,2026-04-30 01:18:00-04:00,0.5435000000000001,0.013000000000000012,0.546
2026-04-30 05:19:00+00:00,313704.5,0.0,,,,,,0.546,0.538,0.55,2026-04-30 01:19:00-04:00,0.544,0.01200000000000001,0.546
2026-04-30 05:20:00+00:00,313704.5,0.0,,,,,,0.546,0.537,0.55,2026-04-30 01:20:00-04:00,0.5435000000000001,0.013000000000000012,0.546
2026-04-30 05:21:00+00:00,313704.5,0.0,,,,,,0.546,0.538,0.55,2026-04-30 01:21:00-04:00,0.544,0.01200000000000001,0.546
2026-04-30 05:22:00+00:00,313704.5,0.0,,,,,,0.546,0.537,0.55,2026-04-30 01:22:00-04:00,0.5435000000000001,0.013000000000000012,0.546
2026-04-30 05:23:00+00:00,313704.5,0.0,,,,,,0.546,0.537,0.55,2026-04-30 01:23:00-04:00,0.5435000000000001,0.013000000000000012,0.546
2026-04-30 05:24:00+00:00,313704.5,0.0,,,,,,0.546,0.538,0.55,2026-04-30 01:24:00-04:00,0.544,0.01200000000000001,0.546
2026-04-30 05:25:00+00:00,313704.5,0.0,,,,,,0.546,0.538,0.55,2026-04-30 01:25:00-04:00,0.544,0.01200000000000001,0.546
2026-04-30 05:26:00+00:00,313704.5,0.0,,,,,,0.546,0.537,0.55,2026-04-30 01:26:00-04:00,0.5435000000000001,0.013000000000000012,0.546
2026-04-30 05:27:00+00:00,313704.5,0.0,,,,,,0.546,0.538,0.55,2026-04-30 01:27:00-04:00,0.544,0.01200000000000001,0.546
2026-04-30 05:28:00+00:00,313704.5,0.0,,,,,,0.546,0.538,0.55,2026-04-30 01:28:00-04:00,0.544,0.01200000000000001,0.546
2026-04-30 05:29:00+00:00,313704.5,0.0,,,,,,0.546,0.537,0.55,2026-04-30 01:29:00-04:00,0.5435000000000001,0.013000000000000012,0.546
2026-04-30 05:30:00+00:00,313704.5,0.0,,,,,,0.546,0.538,0.55,2026-04-30 01:30:00-04:00,0.544,0.01200000000000001,0.546
2026-04-30 05:31:00+00:00,313704.5,0.0,,,,,,0.546,0.539,0.55,2026-04-30 01:31:00-04:00,0.5445,0.01100000000000001,0.546
2026-04-30 05:36:00+00:00,313704.5,0.0,,,,,,0.546,0.539,0.546,2026-04-30 01:36:00-04:00,0.5425,0.007000000000000006,0.546
2026-04-30 05:56:00+00:00,313704.5,0.0,,,,,,0.546,0.531,0.545,2026-04-30 01:56:00-04:00,0.538,0.014000000000000012,0.546
2026-04-30 05:57:00+00:00,313704.5,0.0,,,,,,0.546,0.532,0.545,2026-04-30 01:57:00-04:00,0.5385,0.013000000000000012,0.546
2026-04-30 05:58:00+00:00,313704.5,0.0,,,,,,0.546,0.533,0.545,2026-04-30 01:58:00-04:00,0.539,0.01200000000000001,0.546
2026-04-30 05:59:00+00:00,313704.5,0.0,,,,,,0.546,0.534,0.549,2026-04-30 01:59:00-04:00,0.5415000000000001,0.015000000000000013,0.546
2026-04-30 06:05:00+00:00,313722.1,17.6,0.549,0.55,0.549,0.55,0.5497,0.546,0.534,0.55,2026-04-30 02:05:00-04:00,0.542,0.016000000000000014,0.55
2026-04-30 06:13:00+00:00,313722.1,0.0,,,,,,0.55,0.537,0.55,2026-04-30 02:13:00-04:00,0.5435000000000001,0.013000000000000012,0.55
2026-04-30 06:14:00+00:00,313722.1,0.0,,,,,,0.55,0.538,0.55,2026-04-30 02:14:00-04:00,0.544,0.01200000000000001,0.55
2026-04-30 06:53:00+00:00,313722.1,0.0,,,,,,0.55,0.538,0.55,2026-04-30 02:53:00-04:00,0.544,0.01200000000000001,0.55
2026-04-30 06:58:00+00:00,313722.1,0.0,,,,,,0.55,0.536,0.55,2026-04-30 02:58:00-04:00,0.543,0.014000000000000012,0.55
2026-04-30 07:48:00+00:00,313722.1,0.0,,,,,,0.55,0.533,0.55,2026-04-30 03:48:00-04:00,0.5415000000000001,0.017000000000000015,0.55
2026-04-30 09:06:00+00:00,313722.1,0.0,,,,,,0.55,0.534,0.55,2026-04-30 05:06:00-04:00,0.542,0.016000000000000014,0.55
2026-04-30 09:07:00+00:00,313722.1,0.0,,,,,,0.55,0.534,0.546,2026-04-30 05:07:00-04:00,0.54,0.01200000000000001,0.55
2026-04-30 09:19:00+00:00,313722.1,0.0,,,,,,0.55,0.534,0.545,2026-04-30 05:19:00-04:00,0.5395000000000001,0.01100000000000001,0.55
2026-04-30 09:25:00+00:00,313722.1,0.0,,,,,,0.55,0.534,0.546,2026-04-30 05:25:00-04:00,0.54,0.01200000000000001,0.55
2026-04-30 09:41:00+00:00,313722.1,0.0,,,,,,0.55,0.534,0.542,2026-04-30 05:41:00-04:00,0.538,0.008000000000000007,0.55
2026-04-30 10:10:00+00:00,313722.1,0.0,,,,,,0.55,0.534,0.55,2026-04-30 06:10:00-04:00,0.542,0.016000000000000014,0.55
2026-04-30 10:29:00+00:00,313739.72,17.62,0.55,0.55,0.55,0.55,0.55,0.55,0.534,0.546,2026-04-30 06:29:00-04:00,0.54,0.01200000000000001,0.55
2026-04-30 10:31:00+00:00,313739.72,0.0,,,,,,0.55,0.534,0.546,2026-04-30 06:31:00-04:00,0.54,0.01200000000000001,0.55
2026-04-30 10:33:00+00:00,313739.72,0.0,,,,,,0.55,0.534,0.545,2026-04-30 06:33:00-04:00,0.5395000000000001,0.01100000000000001,0.55
2026-04-30 10:39:00+00:00,313709.58,139.59,0.534,0.534,0.533,0.533,0.5337,0.55,0.533,0.545,2026-04-30 06:39:00-04:00,0.539,0.01200000000000001,0.533
2026-04-30 10:43:00+00:00,313709.58,0.0,,,,,,0.533,0.533,0.55,2026-04-30 06:43:00-04:00,0.5415000000000001,0.017000000000000015,0.533
2026-04-30 11:02:00+00:00,313709.58,0.0,,,,,,0.533,0.533,0.55,2026-04-30 07:02:00-04:00,0.5415000000000001,0.017000000000000015,0.533
2026-04-30 11:03:00+00:00,313709.58,0.0,,,,,,0.533,0.533,0.547,2026-04-30 07:03:00-04:00,0.54,0.014000000000000012,0.533
2026-04-30 11:06:00+00:00,313709.58,0.0,,,,,,0.533,0.529,0.546,2026-04-30 07:06:00-04:00,0.5375000000000001,0.017000000000000015,0.533
2026-04-30 11:20:00+00:00,313709.58,0.0,,,,,,0.533,0.529,0.542,2026-04-30 07:20:00-04:00,0.5355000000000001,0.013000000000000012,0.533
2026-04-30 11:21:00+00:00,313709.58,0.0,,,,,,0.533,0.524,0.541,2026-04-30 07:21:00-04:00,0.5325,0.017000000000000015,0.533
2026-04-30 11:31:00+00:00,313709.58,0.0,,,,,,0.533,0.526,0.541,2026-04-30 07:31:00-04:00,0.5335000000000001,0.015000000000000013,0.533
2026-04-30 11:32:00+00:00,313709.58,0.0,,,,,,0.533,0.527,0.541,2026-04-30 07:32:00-04:00,0.534,0.014000000000000012,0.533
2026-04-30 11:33:00+00:00,313709.58,0.0,,,,,,0.533,0.527,0.546,2026-04-30 07:33:00-04:00,0.5365,0.019000000000000017,0.533
2026-04-30 11:34:00+00:00,313709.58,0.0,,,,,,0.533,0.528,0.546,2026-04-30 07:34:00-04:00,0.537,0.018000000000000016,0.533
2026-04-30 11:35:00+00:00,313709.58,0.0,,,,,,0.533,0.528,0.546,2026-04-30 07:35:00-04:00,0.537,0.018000000000000016,0.533
2026-04-30 11:38:00+00:00,313709.58,0.0,,,,,,0.533,0.531,0.546,2026-04-30 07:38:00-04:00,0.5385,0.015000000000000013,0.533
2026-04-30 11:40:00+00:00,313709.58,0.0,,,,,,0.533,0.532,0.546,2026-04-30 07:40:00-04:00,0.539,0.014000000000000012,0.533
2026-04-30 11:43:00+00:00,313709.58,86.0,0.532,0.532,0.53,0.53,0.5301,0.533,0.529,0.546,2026-04-30 07:43:00-04:00,0.5375000000000001,0.017000000000000015,0.53
2026-04-30 11:44:00+00:00,313709.58,0.0,,,,,,0.53,0.528,0.546,2026-04-30 07:44:00-04:00,0.537,0.018000000000000016,0.53
2026-04-30 11:47:00+00:00,313709.58,0.0,,,,,,0.53,0.528,0.542,2026-04-30 07:47:00-04:00,0.535,0.014000000000000012,0.53
2026-04-30 11:48:00+00:00,313709.58,0.0,,,,,,0.53,0.524,0.541,2026-04-30 07:48:00-04:00,0.5325,0.017000000000000015,0.53
2026-04-30 12:07:00+00:00,313709.58,0.0,,,,,,0.53,0.528,0.546,2026-04-30 08:07:00-04:00,0.537,0.018000000000000016,0.53
2026-04-30 12:08:00+00:00,313709.58,0.0,,,,,,0.53,0.529,0.546,2026-04-30 08:08:00-04:00,0.5375000000000001,0.017000000000000015,0.53
2026-04-30 12:13:00+00:00,313733.78,50.0,0.546,0.546,0.546,0.546,0.546,0.53,0.529,0.546,2026-04-30 08:13:00-04:00,0.5375000000000001,0.017000000000000015,0.546
2026-04-30 12:15:00+00:00,313733.78,0.0,,,,,,0.546,0.529,0.546,2026-04-30 08:15:00-04:00,0.5375000000000001,0.017000000000000015,0.546
2026-04-30 12:23:00+00:00,313733.78,0.0,,,,,,0.546,0.531,0.546,2026-04-30 08:23:00-04:00,0.5385,0.015000000000000013,0.546
2026-04-30 12:24:00+00:00,313733.78,0.0,,,,,,0.546,0.532,0.546,2026-04-30 08:24:00-04:00,0.539,0.014000000000000012,0.546
2026-04-30 12:26:00+00:00,313733.78,0.0,,,,,,0.546,0.532,0.542,2026-04-30 08:26:00-04:00,0.537,0.010000000000000009,0.546
2026-04-30 12:28:00+00:00,313733.78,0.0,,,,,,0.546,0.532,0.541,2026-04-30 08:28:00-04:00,0.5365,0.009000000000000008,0.546
2026-04-30 12:32:00+00:00,313733.78,0.0,,,,,,0.546,0.524,0.541,2026-04-30 08:32:00-04:00,0.5325,0.017000000000000015,0.546
2026-04-30 12:35:00+00:00,313733.78,0.0,,,,,,0.546,0.53,0.541,2026-04-30 08:35:00-04:00,0.5355000000000001,0.01100000000000001,0.546
2026-04-30 12:36:00+00:00,313733.78,0.0,,,,,,0.546,0.531,0.541,2026-04-30 08:36:00-04:00,0.536,0.010000000000000009,0.546
2026-04-30 12:37:00+00:00,313733.78,0.0,,,,,,0.546,0.532,0.541,2026-04-30 08:37:00-04:00,0.5365,0.009000000000000008,0.546
2026-04-30 12:43:00+00:00,313733.78,0.0,,,,,,0.546,0.531,0.541,2026-04-30 08:43:00-04:00,0.536,0.010000000000000009,0.546
2026-04-30 12:45:00+00:00,313733.78,0.0,,,,,,0.546,0.532,0.541,2026-04-30 08:45:00-04:00,0.5365,0.009000000000000008,0.546
2026-04-30 12:50:00+00:00,313733.78,0.0,,,,,,0.546,0.532,0.54,2026-04-30 08:50:00-04:00,0.536,0.008000000000000007,0.546
2026-04-30 12:51:00+00:00,313733.78,0.0,,,,,,0.546,0.531,0.54,2026-04-30 08:51:00-04:00,0.5355000000000001,0.009000000000000008,0.546
2026-04-30 12:53:00+00:00,313733.78,0.0,,,,,,0.546,0.531,0.537,2026-04-30 08:53:00-04:00,0.534,0.006000000000000005,0.546
2026-04-30 12:54:00+00:00,313733.78,0.0,,,,,,0.546,0.531,0.536,2026-04-30 08:54:00-04:00,0.5335000000000001,0.0050000000000000044,0.546
